raceId,driverId,fastestLapSpeed
1073,830,220.8
1073,1,219.495
1073,832,216.982
1073,852,217.285
1073,842,217.668
1073,822,218.871
1073,846,219.123
1073,4,217.01
1073,839,215.431
1073,844,214.983
1073,20,215.299
1073,817,214.28
1073,840,214.657
1073,854,212.522
1073,815,219.993
1073,849,212.912
1073,841,212.557
1073,847,209.732
1073,8,211.951
1073,853,
1072,1,244.962
1072,830,242.943
1072,822,243.155
1072,839,242.125
1072,817,239.725
1072,842,240.813
1072,844,242.643
1072,832,241.983
1072,841,239.34
1072,846,241.817
1072,840,239.498
1072,849,239.635
1072,4,242.558
1072,852,240.269
1072,8,239.565
1072,20,236.375
1072,815,236.104
1072,853,229.036
1072,847,231.211
1072,854,231.421
1071,1,215.503
1071,830,214.005
1071,822,213.887
1071,815,218.453
1071,844,213.018
1071,832,213.346
1071,842,211.839
1071,839,208.415
1071,4,209.848
1071,846,210.306
1071,20,210.668
1071,8,213.607
1071,847,208.626
1071,841,208.985
1071,852,209.05
1071,849,207.896
1071,853,206.958
1071,854,210.215
1071,817,208.379
1071,840,205.887
1070,830,196.134
1070,1,194.116
1070,815,194.976
1070,842,192.453
1070,844,192.083
1070,832,193.484
1070,20,192.572
1070,8,191.969
1070,4,191.973
1070,846,192.197
1070,841,190.061
1070,817,191.126
1070,839,190.47
1070,840,191.454
1070,822,199.223
1070,847,188.919
1070,849,190.008
1070,853,190.344
1070,854,
1070,852,
1069,830,200.278
1069,1,201.521
1069,815,199.333
1069,844,199.861
1069,817,197.785
1069,822,198.176
1069,832,197.722
1069,846,198.016
1069,852,196.209
1069,20,197.517
1069,841,196.221
1069,840,196.135
1069,8,195.843
1069,847,196.269
1069,849,194.924
1069,854,195.737
1069,853,192.9
1069,4,198.335
1069,839,194.207
1069,842,194.547
1067,822,212.5
1067,830,207.169
1067,815,207.841
1067,844,207.218
1067,1,207.16
1067,842,207.046
1067,846,207.87
1067,832,209.057
1067,840,207.506
1067,839,203.171
1067,841,206.845
1067,8,207.556
1067,817,206.067
1067,852,206.979
1067,847,205.749
1067,4,206.073
1067,849,205.149
1067,20,207.233
1067,854,203.98
1067,853,201.353
1066,1,215.76
1066,830,213.959
1066,832,212.024
1066,817,212.388
1066,822,214.352
1066,4,213.331
1066,846,216.096
1066,8,209.921
1066,815,212.193
1066,847,209.28
1066,840,209.555
1066,20,212.116
1066,842,214.214
1066,839,209.276
1066,844,212.667
1066,841,212.53
1066,852,210.612
1066,853,206.982
1066,849,210.528
1066,854,209.948
1065,817,245.894
1065,846,245.434
1065,822,245.85
1065,844,244.433
1065,815,244.901
1065,832,243.747
1065,840,242.912
1065,4,243.995
1065,847,242.963
1065,839,243.727
1065,849,242.63
1065,20,242.672
1065,841,243.295
1065,9,242.924
1065,854,240.52
1065,853,239.155
1065,1,242.864
1065,830,244.852
1065,842,234.31
1065,852,
1064,830,209.244
1064,1,215.654
1064,822,211.338
1064,842,204.929
1064,844,205.033
1064,4,206.294
1064,832,203.725
1064,815,208.714
1064,839,205.321
1064,846,206.535
1064,817,204.65
1064,840,202.78
1064,20,207.312
1064,841,204.091
1064,9,203.234
1064,849,202.301
1064,847,202.734
1064,854,201.936
1064,852,202.319
1064,853,201.567
1063,830,
1063,847,
1063,1,
1063,817,
1063,20,
1063,842,
1063,839,
1063,844,
1063,849,
1063,832,
1063,4,
1063,822,
1063,841,
1063,846,
1063,852,
1063,854,
1063,853,
1063,8,
1063,815,
1063,840,
1062,839,193.704
1062,1,200.363
1062,832,193.699
1062,4,196.264
1062,842,201.183
1062,852,191.286
1062,849,190.406
1062,847,192.074
1062,830,194.843
1062,8,193.473
1062,817,190.473
1062,854,190.683
1062,841,190.625
1062,853,
1062,846,
1062,822,
1062,815,
1062,844,
1062,840,
1062,20,193.613
1061,1,236.43
1061,844,234.159
1061,822,234.275
1061,846,231.979
1061,817,232.325
1061,832,232.48
1061,4,231.276
1061,840,230.537
1061,839,229.992
1061,852,233.497
1061,842,234.945
1061,847,230.394
1061,841,229.653
1061,849,229.328
1061,8,230.78
1061,815,239.317
1061,853,228.262
1061,854,228.377
1061,20,227.894
1061,830,
1060,830,234.815
1060,822,227.349
1060,846,227.027
1060,1,228.177
1060,832,229.402
1060,815,227.956
1060,817,225.876
1060,844,226.277
1060,842,228.11
1060,4,227.246
1060,847,225.613
1060,852,227.08
1060,840,226.405
1060,841,225.149
1060,8,225.699
1060,849,226.865
1060,20,227.196
1060,854,224.007
1060,853,222.842
1060,839,
1059,830,218.156
1059,1,215.903
1059,815,217.504
1059,822,216.905
1059,846,215.87
1059,817,213.896
1059,842,214.378
1059,4,215.382
1059,20,216.508
1059,840,214.981
1059,832,212.584
1059,847,213.918
1059,852,212.479
1059,839,213.2
1059,841,213.077
1059,844,215.304
1059,8,214.621
1059,849,213.92
1059,854,212.765
1059,853,211.758
1058,830,228.542
1058,1,231.811
1058,822,226.537
1058,815,228.956
1058,846,225.604
1058,832,226.57
1058,844,226.145
1058,840,222.746
1058,4,222.867
1058,852,223.184
1058,8,224.869
1058,20,222.637
1058,817,224.295
1058,839,223.421
1058,841,222.95
1058,854,222.052
1058,849,221.739
1058,853,219.092
1058,847,220.496
1058,842,
1057,815,206.432
1057,20,206.032
1057,842,205.386
1057,844,205.071
1057,846,205.18
1057,4,204.601
1057,852,205.936
1057,832,204.454
1057,817,204.428
1057,8,204.645
1057,841,204.696
1057,822,204.521
1057,854,200.799
1057,853,200.569
1057,1,206.27
1057,849,202.712
1057,847,203.954
1057,830,206.839
1057,840,203.478
1057,839,194.955
1056,832,160.989
1056,830,160.929
1056,846,160.883
1056,815,161.138
1056,20,159.503
1056,842,159.3
1056,1,164.769
1056,840,160.875
1056,839,159.503
1056,841,159.472
1056,8,160.237
1056,817,161.082
1056,4,160.12
1056,847,159.033
1056,849,158.961
1056,852,162.259
1056,853,156.287
1056,854,157.189
1056,822,158.682
1056,844,
1055,1,208.64
1055,830,215.357
1055,822,211.884
1055,844,209.174
1055,815,211.743
1055,817,205.612
1055,832,206.33
1055,846,207.064
1055,839,202.014
1055,842,206.82
1055,840,203.735
1055,8,203.094
1055,20,203.211
1055,847,202.264
1055,841,203.255
1055,849,203.003
1055,4,207.311
1055,854,203.661
1055,853,200.261
1055,852,198.408
1054,1,206.971
1054,830,207.581
1054,822,209.738
1054,815,207.715
1054,846,205.038
1054,844,205.541
1054,839,204.562
1054,4,206.718
1054,817,204.31
1054,842,204.243
1054,832,203.471
1054,841,203.862
1054,20,203.246
1054,840,204.352
1054,852,204.133
1054,847,202.661
1054,854,202.414
1054,849,201.44
1054,853,200.27
1054,8,
1053,830,227.96
1053,1,230.403
1053,846,225.819
1053,844,225.473
1053,832,225.154
1053,817,222.739
1053,842,223.718
1053,840,224.32
1053,839,222.512
1053,4,222.526
1053,815,222.585
1053,852,225.603
1053,8,225.548
1053,841,222.378
1053,20,223.491
1053,854,223.156
1053,853,219.8
1053,822,199.721
1053,847,204.203
1053,849,
1052,1,207.235
1052,830,208.984
1052,822,211.566
1052,846,206.398
1052,815,207.334
1052,844,205.112
1052,817,205.233
1052,832,206.151
1052,852,205.603
1052,840,205.378
1052,8,204.672
1052,841,204.823
1052,839,204.548
1052,847,205.008
1052,20,203.871
1052,854,202.667
1052,842,207.069
1052,849,201.685
1052,4,202.816
1052,853,
1051,1,227.633
1051,830,232.799
1051,4,223.437
1051,815,226.227
1051,839,222.464
1051,840,221.713
1051,832,223.726
1051,844,223.765
1051,846,225.876
1051,20,224.078
1051,842,222.572
1051,817,222.115
1051,852,222.51
1051,8,224.275
1051,841,220.534
1051,854,219.065
1051,847,225.818
1051,853,221.754
1051,849,218.275
1051,822,221.992
1047,830,198.046
1047,822,197.707
1047,1,197.144
1047,848,197.52
1047,846,196.092
1047,832,196.125
1047,817,198.109
1047,842,195.116
1047,839,194.32
1047,840,196.281
1047,826,194.679
1047,8,195.739
1047,844,196.2
1047,20,197.037
1047,847,193.504
1047,841,196.65
1047,849,195.073
1047,825,196.025
1047,850,196.588
1047,815,193.625
1046,815,224.599
1046,839,222.402
1046,840,222.255
1046,832,223.122
1046,817,223.85
1046,848,223.548
1046,826,223.764
1046,822,225.497
1046,847,230.214
1046,846,222.713
1046,842,222.908
1046,20,224.141
1046,841,224.212
1046,8,222.305
1046,825,221.76
1046,851,222.24
1046,850,220.892
1046,849,219.132
1046,830,
1046,844,
1045,1,209.803
1045,830,211.741
1045,848,207.967
1045,846,208.18
1045,832,208.575
1045,842,205.482
1045,817,209.887
1045,822,208.706
1045,839,206.49
1045,844,208.098
1045,826,206.957
1045,847,204.995
1045,20,207.575
1045,849,205.973
1045,8,208.213
1045,841,206.092
1045,825,204.567
1045,815,208.089
1045,840,
1045,154,
1044,1,193.302
1044,815,191.417
1044,20,192.819
1044,844,192.242
1044,832,194.592
1044,830,195.231
1044,848,193.915
1044,846,198.508
1044,840,192.319
1044,817,190.875
1044,839,190.254
1044,826,190.229
1044,842,192.966
1044,822,195.704
1044,8,192.663
1044,847,190.616
1044,825,190.363
1044,154,186.063
1044,849,185.678
1044,841,172.934
1043,1,234.121
1043,822,232.831
1043,817,227.878
1043,826,227.543
1043,844,226.067
1043,815,226.325
1043,832,226.226
1043,846,226.368
1043,8,226.313
1043,841,224.286
1043,849,224.499
1043,20,227.248
1043,840,225.528
1043,154,224.206
1043,848,231.991
1043,847,224.237
1043,830,227.628
1043,825,222.93
1043,839,221.998
1043,842,219.797
1042,1,212.708
1042,822,211.113
1042,830,209.767
1042,844,208.322
1042,842,207.952
1042,832,208.685
1042,815,207.306
1042,839,207.16
1042,817,207.04
1042,20,207.489
1042,8,206.652
1042,848,209.673
1042,846,211.073
1042,847,207.101
1042,841,204.544
1042,825,205.632
1042,154,205.118
1042,849,204.629
1042,826,208.216
1042,840,205.043
1041,1,210.253
1041,830,210.267
1041,817,206.876
1041,815,206.608
1041,832,205.625
1041,842,205.668
1041,844,204.303
1041,807,204.256
1041,154,202.407
1041,841,203.861
1041,20,204.99
1041,8,204.755
1041,825,204.881
1041,849,202.816
1041,826,200.975
1041,846,200.727
1041,848,200.723
1041,839,198.873
1041,822,201.697
1041,847,196.06
1040,822,216.972
1040,830,216.298
1040,1,214.66
1040,815,214.515
1040,817,215.074
1040,844,212.54
1040,839,212.191
1040,826,212.369
1040,842,216.523
1040,848,214.001
1040,841,211.021
1040,825,209.731
1040,20,211.398
1040,8,212.96
1040,846,216.198
1040,849,208.352
1040,154,211.343
1040,847,216.254
1040,832,
1040,840,
1039,1,239.518
1039,822,237.712
1039,848,235.909
1039,817,234.774
1039,815,234.175
1039,846,232.542
1039,826,231.8
1039,844,232.453
1039,8,232.64
1039,20,232.531
1039,847,231.269
1039,154,229.532
1039,840,230.077
1039,839,143.27
1039,849,143.736
1039,825,141.108
1039,841,141.111
1039,832,140.802
1039,830,
1039,842,
1038,842,248.162
1038,832,248.62
1038,840,248.576
1038,846,247.587
1038,822,248.386
1038,817,248.573
1038,1,252.033
1038,839,246.831
1038,826,246.863
1038,815,247.282
1038,849,245.353
1038,154,245.972
1038,8,245.827
1038,847,247.033
1038,848,245.564
1038,841,245.766
1038,830,243.804
1038,844,242.424
1038,825,243.099
1038,20,239.415
1037,1,233.99
1037,822,233.503
1037,830,232.809
1037,817,234.589
1037,839,232.305
1037,848,231.886
1037,846,232.279
1037,842,233.815
1037,840,231.036
1037,815,232.628
1037,826,229.572
1037,8,229.593
1037,20,229.309
1037,844,233.813
1037,154,229.184
1037,849,233.362
1037,825,233.287
1037,841,225.545
1037,847,225.624
1037,832,
1036,1,209.942
1036,830,205.677
1036,822,214.343
1036,840,204.306
1036,815,203.09
1036,832,204.938
1036,20,202.618
1036,848,203.883
1036,842,203.021
1036,846,203.393
1036,817,203.215
1036,826,203.531
1036,839,203.933
1036,8,204.645
1036,825,200.757
1036,841,204.863
1036,847,203.119
1036,849,204.291
1036,154,208.409
1036,844,199.576
1035,830,237.049
1035,1,239.766
1035,822,236.256
1035,844,234.203
1035,848,237.017
1035,840,233.365
1035,807,235.412
1035,839,234.144
1035,846,233.826
1035,826,233.723
1035,842,235.399
1035,20,233.602
1035,832,234.193
1035,817,232.621
1035,8,231.13
1035,154,233.581
1035,841,230.954
1035,847,232.01
1035,849,235.77
1035,825,230.944
1034,1,237.652
1034,830,243.494
1034,844,236.13
1034,817,237.004
1034,846,235.488
1034,839,236.98
1034,842,236.684
1034,848,239.123
1034,840,234.402
1034,20,234.242
1034,822,237.58
1034,847,233.404
1034,832,235.776
1034,841,233.109
1034,849,234.335
1034,154,236.212
1034,8,235.71
1034,826,229.412
1034,825,
1034,807,
1033,1,205.823
1033,830,199.176
1033,822,203.072
1033,840,199.708
1033,848,198.534
1033,20,196.254
1033,815,196.923
1033,817,198.305
1033,832,195.976
1033,825,198.492
1033,844,195.142
1033,826,194.841
1033,846,197.28
1033,839,196.503
1033,8,194.978
1033,154,196.574
1033,841,196.908
1033,847,197.184
1033,849,194.236
1033,842,187.893
1032,1,232.989
1032,822,230.177
1032,830,235.01
1032,848,230.981
1032,846,231.345
1032,815,231.362
1032,840,229.162
1032,817,229.166
1032,832,236.894
1032,826,227.336
1032,8,227.322
1032,825,228.569
1032,154,228.442
1032,841,226.891
1032,842,229.183
1032,847,226.597
1032,849,225.922
1032,839,224.243
1032,844,162.979
1032,20,
1031,822,229.758
1031,844,228.933
1031,846,230.378
1031,1,229.572
1031,832,228.687
1031,815,227.579
1031,842,225.205
1031,839,225.509
1031,841,225.954
1031,20,226.524
1031,849,223.146
1031,826,224.847
1031,848,227.156
1031,8,225.185
1031,847,224.256
1031,154,221.347
1031,825,219.807
1031,840,221.039
1031,817,220.15
1031,830,224.146
1030,1,201.387
1030,830,197.731
1030,844,199.064
1030,822,200.515
1030,20,199.688
1030,848,195.603
1030,815,194.803
1030,846,194.071
1030,826,195.597
1030,832,197.389
1030,817,197.592
1030,807,193.605
1030,8,193.853
1030,825,192.642
1030,154,192.873
1030,841,193.639
1030,847,193.981
1030,842,195.231
1030,9,191.333
1030,840,193.507
1029,830,218.909
1029,842,214.185
1029,832,212.039
1029,8,212.106
1029,841,212.44
1029,817,213.278
1029,1,218.232
1029,846,214.472
1029,815,212.965
1029,826,214.304
1029,825,211.738
1029,847,210.331
1029,154,210.711
1029,848,218.217
1029,807,212.69
1029,9,208.072
1029,20,217.309
1029,844,217.19
1029,840,213.66
1029,822,219.417
1028,822,204.696
1028,1,201.6
1028,830,202.077
1028,844,206.374
1028,848,202.458
1028,817,197.354
1028,846,202.365
1028,832,196.806
1028,807,201.619
1028,815,198.141
1028,8,199.249
1028,826,200.535
1028,840,197.716
1028,841,198.539
1028,154,195.979
1028,842,196.795
1028,847,196.039
1028,825,197.781
1028,9,191.147
1028,20,194.262
1027,1,194.993
1027,20,195.19
1027,822,194.912
1027,844,195.557
1027,848,195.328
1027,830,192.702
1027,815,192.512
1027,817,193.327
1027,842,194.824
1027,807,191.783
1027,826,193.91
1027,840,191.473
1027,832,192.929
1027,841,191.255
1027,825,189.691
1027,847,190.615
1027,154,189.926
1027,9,192.009
1027,8,193.481
1027,846,189.782
1026,822,227.571
1026,20,226.929
1026,1,229.77
1026,848,225.332
1026,832,223.434
1026,844,228.195
1026,842,219.313
1026,815,225.706
1026,840,220.721
1026,826,224.21
1026,846,222.121
1026,8,224.328
1026,154,220.082
1026,841,226.322
1026,825,227.894
1026,847,218.998
1026,9,217.012
1026,830,214.965
1026,817,223.63
1026,807,220.237
1025,1,219.847
1025,822,218.58
1025,844,218.86
1025,830,217.18
1025,848,217.573
1025,832,214.78
1025,815,214.73
1025,846,214.166
1025,825,214.539
1025,807,213.692
1025,840,213.493
1025,826,214.325
1025,8,213.541
1025,842,213.504
1025,841,213.309
1025,9,205.74
1025,847,206.998
1025,20,214.288
1025,817,207.859
1025,154,
1024,20,173.916
1024,844,174.047
1024,830,173.298
1024,1,173.73
1024,822,176.046
1024,848,173.159
1024,846,172.412
1024,842,172.326
1024,807,172.333
1024,841,172.553
1024,154,171.507
1024,832,172.001
1024,840,173.76
1024,817,172.088
1024,826,174.634
1024,9,170.674
1024,825,178.168
1024,8,170.245
1024,815,170.85
1024,847,168.322
1023,844,251.235
1023,822,251.69
1023,1,255.014
1023,817,249.859
1023,807,249.337
1023,848,250.165
1023,815,248.953
1023,830,250.83
1023,841,246.793
1023,846,248.141
1023,842,248.611
1023,840,247.784
1023,20,251.872
1023,847,245.807
1023,8,247.039
1023,154,245.393
1023,9,245.382
1023,825,246.968
1023,826,243.142
1023,832,243.525
1022,844,236.39
1022,1,236.577
1022,822,236.832
1022,20,236.957
1022,848,234.537
1022,815,231.79
1022,826,233.157
1022,807,232.714
1022,842,229.848
1022,840,232.697
1022,846,232.774
1022,825,232.012
1022,154,230.744
1022,817,228.285
1022,847,231.622
1022,8,231.85
1022,9,230.858
1022,841,234.421
1022,832,
1022,830,
1021,1,200.84
1021,830,204.552
1021,20,197.673
1021,844,195.937
1021,832,194.706
1021,842,194.602
1021,8,195
1021,822,198.807
1021,846,194.26
1021,848,195.626
1021,815,192.962
1021,807,193.161
1021,825,194.691
1021,817,195.098
1021,826,192.496
1021,847,191.435
1021,840,195.67
1021,841,189.712
1021,9,189.026
1021,154,190.457
1020,830,214.839
1020,20,214.423
1020,826,211.9
1020,840,211.566
1020,832,211.538
1020,848,211.514
1020,154,211.797
1020,825,212.45
1020,1,208.935
1020,9,208.271
1020,847,212.51
1020,8,206.96
1020,841,207.646
1020,842,212.483
1020,822,210.374
1020,807,183.826
1020,844,187.764
1020,846,180.788
1020,817,177.719
1020,815,
1019,1,242.735
1019,822,242.633
1019,844,237.452
1019,842,236.839
1019,830,237.561
1019,832,236.277
1019,817,236.628
1019,8,235.551
1019,826,235.875
1019,807,235.773
1019,846,236.596
1019,848,233.378
1019,840,237.248
1019,847,233.017
1019,9,231.754
1019,20,239.004
1019,815,237.072
1019,841,229.36
1019,154,224.775
1019,825,227.001
1018,830,230.378
1018,844,228.62
1018,822,226.716
1018,20,229.694
1018,1,228.432
1018,846,226.274
1018,842,225.974
1018,832,228.207
1018,8,224.876
1018,841,225.12
1018,815,225.087
1018,817,228.536
1018,807,224.48
1018,840,224.35
1018,848,225.463
1018,154,225.329
1018,826,223.672
1018,847,222.303
1018,825,225.604
1018,9,219.051
1017,1,226.717
1017,822,224.725
1017,844,224.146
1017,830,223.351
1017,20,226.775
1017,832,222.408
1017,8,221.677
1017,807,221.497
1017,846,221.955
1017,842,220.922
1017,817,221.032
1017,815,221.348
1017,840,221.558
1017,826,220.857
1017,848,221.313
1017,841,221.113
1017,825,219.78
1017,9,217.696
1017,847,219.463
1017,154,219.782
1016,1,209.851
1016,20,209.677
1016,844,211.14
1016,822,214.833
1016,830,209.98
1016,817,206.37
1016,807,206.587
1016,842,206.147
1016,840,206.456
1016,826,206.036
1016,832,205.301
1016,815,205.723
1016,841,205.586
1016,154,205.909
1016,8,208.101
1016,847,203.254
1016,825,203.075
1016,9,203.139
1016,848,203.491
1016,846,201.217
1015,1,157.721
1015,20,157.494
1015,822,159.828
1015,830,157.593
1015,842,161.73
1015,832,158.295
1015,826,157.471
1015,848,158.89
1015,817,158.701
1015,154,156.531
1015,846,157.214
1015,825,156.031
1015,815,156.803
1015,807,157.496
1015,847,155.938
1015,840,157.284
1015,8,157.166
1015,9,155.233
1015,841,157.448
1015,844,151.775
1014,1,213.499
1014,822,212.835
1014,830,210.081
1014,20,209.947
1014,844,209.469
1014,842,208.08
1014,825,207.478
1014,832,207.249
1014,826,207.591
1014,154,206.743
1014,848,206.817
1014,817,207.876
1014,807,206.171
1014,8,205.917
1014,815,204.717
1014,841,204.782
1014,847,203.418
1014,9,201.413
1014,840,201.355
1014,846,202.977
1013,822,207.748
1013,1,207.465
1013,20,206.546
1013,830,206.221
1013,844,209.795
1013,815,204.795
1013,832,204.247
1013,846,205.047
1013,840,203.858
1013,8,202.958
1013,848,204.349
1013,841,203.935
1013,825,202.572
1013,807,201.204
1013,847,201.497
1013,9,200.64
1013,842,204.43
1013,154,199.146
1013,826,200.692
1013,817,202.41
1012,1,204.642
1012,822,206.842
1012,20,206.921
1012,830,204.108
1012,844,206.869
1012,842,207.126
1012,817,198.957
1012,815,198.816
1012,8,200.625
1012,848,198.416
1012,154,202.57
1012,840,202.978
1012,825,201.327
1012,832,201.263
1012,841,200.142
1012,847,201.716
1012,9,196.684
1012,846,199.536
1012,826,200.291
1012,807,196.871
1011,1,208.314
1011,822,206.808
1011,844,208.575
1011,830,204.417
1011,20,205.313
1011,846,203.422
1011,8,203.822
1011,842,204.46
1011,848,201.372
1011,815,202.254
1011,841,204.575
1011,826,205.228
1011,825,203.178
1011,840,200.781
1011,847,200.211
1011,9,199.005
1011,807,204.623
1011,817,201.487
1011,832,203.829
1011,154,200.316
1010,822,223.075
1010,1,221.839
1010,830,221.327
1010,20,217.054
1010,844,219.621
1010,825,216.493
1010,807,215.851
1010,8,216.277
1010,840,218.011
1010,826,218.31
1010,842,218.858
1010,846,215.581
1010,815,215.751
1010,848,216.478
1010,841,215.766
1010,847,215.197
1010,9,213.821
1010,154,215.807
1010,817,212.478
1010,832,210.022
1009,1,197.267
1009,20,198.225
1009,830,196.198
1009,817,197.477
1009,822,198.056
1009,832,197.278
1009,844,194.354
1009,815,194.467
1009,154,193.753
1009,825,194.456
1009,4,195.271
1009,843,191.932
1009,840,192.192
1009,838,193.652
1009,845,192.566
1009,842,192.276
1009,839,193.012
1009,828,188.489
1009,8,190.064
1009,807,
1008,1,216.065
1008,830,216.72
1008,8,216.143
1008,817,217.434
1008,822,219.909
1008,20,219.005
1008,844,215.204
1008,154,214.372
1008,825,214.835
1008,815,214.046
1008,843,212.647
1008,832,214.945
1008,842,210.132
1008,838,212.591
1008,839,214.401
1008,845,208.887
1008,4,213.542
1008,840,216.197
1008,807,209.544
1008,828,206.059
1007,830,195.67
1007,20,194.844
1007,8,192.874
1007,1,191.933
1007,822,196.776
1007,807,192.15
1007,844,192.388
1007,838,189.138
1007,828,187.947
1007,842,187.232
1007,839,187.517
1007,840,186.717
1007,845,187.492
1007,843,187.952
1007,825,189.246
1007,154,190.419
1007,817,194.991
1007,815,185.461
1007,832,188.07
1007,4,184.025
1006,8,201.527
1006,830,202.011
1006,1,203.782
1006,20,201.941
1006,822,201.551
1006,807,199.369
1006,832,198.75
1006,815,198.483
1006,843,200.547
1006,828,199.327
1006,838,198.636
1006,842,198.273
1006,845,199.987
1006,840,199.173
1006,844,197.437
1006,817,197.612
1006,154,194.61
1006,4,196.633
1006,839,
1006,825,
1005,1,225.307
1005,822,224.521
1005,830,223.903
1005,817,224.336
1005,8,221.869
1005,20,226.447
1005,815,222.223
1005,154,220.551
1005,839,220.821
1005,832,221.93
1005,842,222.081
1005,828,217.097
1005,843,220.386
1005,4,222.53
1005,838,220.001
1005,845,222.431
1005,840,223.934
1005,844,221.183
1005,807,220.207
1005,825,209.244
1004,1,219.492
1004,822,219.617
1004,20,219.322
1004,8,217.913
1004,830,218.655
1004,817,218.514
1004,844,214.59
1004,825,214.791
1004,839,214.025
1004,815,214.168
1004,154,214.29
1004,807,212.422
1004,828,214.975
1004,4,211.394
1004,840,211.724
1004,838,210.692
1004,832,211.095
1004,845,210.869
1004,842,202.292
1004,843,198.889
1003,1,177.108
1003,830,176.368
1003,20,174.137
1003,822,174.052
1003,8,174.061
1003,817,176.753
1003,4,176.677
1003,832,173.24
1003,844,173.253
1003,807,171.8
1003,828,173.309
1003,838,172.675
1003,842,171.848
1003,840,171.897
1003,154,172.106
1003,815,172.947
1003,843,173.772
1003,825,178.86
1003,845,172.11
1003,839,
1002,1,252.794
1002,8,249.713
1002,822,251.544
1002,20,252.77
1002,830,249.432
1002,839,247.555
1002,815,247.743
1002,832,249.671
1002,840,248.106
1002,845,246.568
1002,844,248.959
1002,838,246.79
1002,807,246.01
1002,842,248.097
1002,828,246.024
1002,825,248.959
1002,817,243.369
1002,4,244.691
1002,843,239.685
1002,154,
1001,20,236.435
1001,1,236.264
1001,830,235.767
1001,822,237.231
1001,815,233.293
1001,839,233.298
1001,154,232.856
1001,825,233.602
1001,842,232.202
1001,828,231.976
1001,832,232.027
1001,845,231.085
1001,840,230.717
1001,843,231.843
1001,838,231.418
1001,817,230.812
1001,8,220.559
1001,844,
1001,4,
1001,807,
1000,1,194.454
1000,20,197.007
1000,8,196.428
1000,817,197.115
1000,822,192.957
1000,842,193.078
1000,825,193.987
1000,4,192.125
1000,832,190.538
1000,154,190.925
1000,843,190.911
1000,807,194.085
1000,839,190.303
1000,815,189.419
1000,828,188.495
1000,845,188.412
1000,840,190.8
1000,838,189.843
1000,830,187.79
1000,844,
999,1,217.968
999,822,217.461
999,8,216.691
999,830,217.085
999,807,211.351
999,154,214.641
999,815,211.468
999,839,211.267
999,828,211.8
999,843,211.974
999,825,211.93
999,832,212.661
999,838,212.368
999,842,211.753
999,844,211.509
999,4,211.811
999,840,208.802
999,20,213.046
999,845,208.609
999,817,210.4
998,20,233.831
998,1,232.424
998,8,233.576
998,822,232.089
998,817,231.551
998,807,227.049
998,839,226.562
998,4,226.862
998,825,226.567
998,815,226.887
998,838,226.695
998,840,225.927
998,842,226.904
998,845,224.134
998,843,
998,830,230.499
998,154,224.678
998,832,224.177
998,828,226.395
998,844,222.747
997,830,230.491
997,8,232.16
997,20,231.728
997,154,225.055
997,825,227.01
997,839,225.777
997,815,226.918
997,4,226.399
997,844,225.267
997,828,227.876
997,842,224.327
997,832,226.053
997,845,225.381
997,840,224.626
997,838,225.633
997,1,231.18
997,843,224.73
997,817,229.983
997,822,225.143
997,807,220.869
996,1,222.531
996,830,223.083
996,8,222.792
996,817,220.494
996,20,222.587
996,825,220.395
996,822,223.201
996,832,219.904
996,807,219.365
996,844,219.127
996,154,219.773
996,838,217.545
996,828,217.953
996,843,217.176
996,845,213.949
996,4,221.071
996,840,213.907
996,815,213.907
996,839,
996,842,
995,20,212.26
995,822,212.179
995,830,212.547
995,817,211.701
995,1,211.633
995,8,211.941
995,807,207.699
995,832,207.485
995,839,207.639
995,844,207.996
995,842,207.395
995,154,208.024
995,825,208.214
995,815,209.049
995,828,205.484
995,838,207.214
995,845,206.78
995,4,206.085
995,843,
995,840,
994,817,158.984
994,20,157.933
994,1,157.508
994,8,157.257
994,822,157.422
994,839,155.96
994,842,155.815
994,807,157.941
994,830,161.772
994,832,155.027
994,828,156.145
994,815,154.917
994,825,155.057
994,838,156.291
994,154,160.557
994,845,159.484
994,840,160.295
994,844,154.59
994,843,155.667
994,4,155.979
993,1,211.77
993,822,210.85
993,830,210.999
993,20,211.783
993,817,213.638
993,825,208.832
993,832,206.064
993,4,207.588
993,815,206.562
993,844,204.062
993,840,204.129
993,843,205.773
993,828,203.159
993,845,202.685
993,838,202.896
993,839,204.074
993,8,205.541
993,154,
993,842,
993,807,
992,1,205.012
992,8,202.874
992,815,203.48
992,20,204.783
992,832,202.242
992,844,201.212
992,4,201.126
992,840,202.319
992,838,200.72
992,843,199.567
992,828,200.239
992,842,200.035
992,825,199.813
992,822,205.525
992,154,202.196
992,830,204.316
992,817,204.999
992,807,198.506
992,839,
992,845,
991,817,204.871
991,822,202.332
991,8,203.446
991,1,202.559
991,830,203.974
991,807,202.553
991,4,201.818
991,20,201.311
991,832,200.744
991,825,199.93
991,839,200.271
991,815,200.911
991,838,199.961
991,840,199.224
991,845,198.973
991,828,199.455
991,154,201.453
991,842,199.493
991,844,198.603
991,843,197.468
990,20,206.274
990,822,207.842
990,1,207.371
990,842,205.382
990,825,206.549
990,807,205.807
990,4,206.898
990,838,204.803
990,828,204.885
990,839,204.993
990,832,203.937
990,844,204.924
990,154,205.759
990,840,204.961
990,845,207.151
990,815,204.513
990,843,206.034
990,8,206.527
990,830,
990,817,
989,20,220.782
989,1,220.845
989,8,221.027
989,817,222.128
989,4,219.489
989,830,219.737
989,807,219.23
989,822,219.386
989,838,219.54
989,832,217.079
989,815,217.849
989,839,217.931
989,844,215.085
989,840,215.688
989,843,216.507
989,154,214.974
989,825,213.224
989,842,210.601
989,828,207.036
989,845,206.224
988,822,198.652
988,1,197.041
988,20,198.416
988,8,195.376
988,830,195.969
988,807,195.303
988,815,194.708
988,839,194.86
988,4,193.41
988,13,194.071
988,154,195.187
988,838,192.279
988,825,192.387
988,836,192.5
988,843,192.444
988,842,192.542
988,828,193.057
988,840,195.402
988,832,193.41
988,817,194.579
987,20,213.849
987,822,214.064
987,8,213.987
987,1,215.914
987,830,218.349
987,817,215.363
987,13,211.19
987,4,211.193
987,815,212.347
987,807,210.314
987,832,210.694
987,842,211.562
987,828,210.577
987,836,207.351
987,154,210.961
987,840,215.863
987,843,207.779
987,839,
987,838,
987,825,
986,830,196.4
986,822,195.207
986,8,193.549
986,20,196.666
986,839,191.416
986,840,191.142
986,815,193.852
986,825,190.784
986,1,193.813
986,4,191.255
986,13,190.968
986,838,191.355
986,842,191.622
986,836,189.793
986,154,192.848
986,832,190.442
986,828,189.682
986,843,187.647
986,807,189.67
986,817,187.155
985,1,200.927
985,20,203.003
985,8,200.86
985,830,202.394
985,822,203.001
985,839,197.482
985,832,197.555
985,815,196.793
985,13,198.208
985,826,196.559
985,840,199.133
985,838,197.777
985,843,198.509
985,154,196
985,828,196.423
985,825,202.739
985,4,195.463
985,817,198.265
985,836,185.357
985,807,190.34
984,1,222.917
984,830,223.036
984,817,223.122
984,822,224.439
984,8,224.364
984,839,220.419
984,815,220.649
984,825,219.274
984,154,219.253
984,13,217.891
984,4,219.797
984,835,222.171
984,842,221.141
984,838,223.05
984,836,216.791
984,840,221.106
984,807,218.028
984,828,212.028
984,20,165.314
984,832,
983,830,211.235
983,1,211.269
983,817,210.56
983,20,212.104
983,822,209.424
983,815,208.751
983,838,208.012
983,840,206.513
983,13,205.838
983,839,205.56
983,4,206.783
983,825,205.313
983,154,208.305
983,842,205.359
983,835,205.325
983,807,211.686
983,836,207.01
983,828,206.507
983,832,203.365
983,8,
982,1,173.643
982,817,173.16
982,822,172.989
982,832,171.151
982,815,170.84
982,835,170.855
982,838,170.855
982,840,169.599
982,154,169.402
982,839,169.339
982,13,170.323
982,836,167.19
982,825,169.484
982,807,168.816
982,828,162.085
982,826,139.711
982,4,136.503
982,20,
982,830,
982,8,
981,1,249.793
981,822,249.095
981,20,248.576
981,817,250.174
981,8,245.194
981,839,243.482
981,840,243.559
981,13,243.981
981,815,245.442
981,830,247.238
981,825,242.393
981,826,242.796
981,807,242.128
981,832,241.906
981,154,245.292
981,836,240.965
981,4,242.861
981,828,237.897
981,838,239.953
981,835,243.198
980,1,236.526
980,20,236.583
980,817,234.445
980,8,234.051
980,822,234.071
980,807,231.49
980,154,231.14
980,13,229.98
980,839,229.804
980,832,229.829
980,840,228.095
980,826,229.831
980,835,230.725
980,838,229.415
980,825,231.057
980,828,227.618
980,815,232.819
980,4,225.692
980,830,227.111
980,836,
979,20,195.176
979,8,196.015
979,822,194.198
979,1,195.149
979,830,195.944
979,4,196.697
979,832,192.639
979,815,192.09
979,839,191.33
979,838,192.43
979,826,193.206
979,835,193.305
979,825,192.102
979,840,190.409
979,836,188.716
979,828,192.92
979,807,193.253
979,814,189.466
979,154,186.201
979,817,
978,1,234.025
978,822,233.294
978,8,231.733
978,830,233.878
978,817,230.833
978,807,229.08
978,20,230.838
978,839,226.768
978,815,226.809
978,13,226.668
978,838,226.906
978,825,228.818
978,154,229.793
978,828,227.747
978,826,226.591
978,840,227.062
978,836,227.203
978,4,224.983
978,832,
978,835,
977,822,229.115
977,20,230.306
977,817,230.491
977,1,230.597
977,8,230.341
977,154,226.633
977,815,227.03
977,839,226.405
977,13,227.2
977,840,226.017
977,835,226.428
977,838,227.19
977,807,225.146
977,836,224.502
977,828,224.363
977,826,228.395
977,832,224.798
977,825,220.8
977,4,
977,830,
976,817,206.048
976,822,207.946
976,840,205.605
976,20,208.919
976,1,208.862
976,839,204.581
976,825,203.277
976,832,204.133
976,4,205.488
976,836,201.743
976,828,201.619
976,838,202.636
976,154,202.289
976,8,204.76
976,815,204.67
976,13,201.33
976,807,199.111
976,830,203.112
976,826,199.372
976,835,193.518
975,1,210.588
975,822,206.862
975,817,206.126
975,20,210.115
975,815,205.58
975,839,205.904
975,8,208.25
975,807,206.204
975,840,206.63
975,154,204.026
975,835,204.677
975,825,205.65
975,828,203.904
975,838,204.491
975,836,203.65
975,4,206.974
975,826,204.653
975,830,203.396
975,13,
975,832,
974,20,159.669
974,8,159.058
974,817,158.577
974,822,157.16
974,830,157.387
974,832,156.73
974,1,158.433
974,154,155.823
974,13,156.947
974,825,157.42
974,835,156.801
974,839,157.072
974,815,160.561
974,826,156.955
974,840,157.912
974,838,156.697
974,828,156.362
974,18,156.194
974,836,153.948
974,807,154.242
973,1,200.471
973,20,200.277
973,817,200.248
973,815,195.417
973,839,194.237
973,807,193.28
973,832,194.439
973,836,193.787
973,826,194.914
973,154,192.906
973,828,194.379
973,4,199.752
973,13,193.796
973,825,194.023
973,835,197.517
973,840,192.98
973,822,197.86
973,838,191.401
973,830,
973,8,
972,822,216.221
972,20,216.343
972,8,217.388
972,1,213.955
972,830,213.888
972,815,213.385
972,839,213.203
972,807,213.912
972,13,214.317
972,832,212.96
972,840,212.934
972,826,214.168
972,825,211.445
972,838,210.971
972,828,210.875
972,836,208.604
972,817,205.824
972,835,
972,154,
972,4,
971,20,207.652
971,1,209.952
971,822,207.076
971,8,207.887
971,817,208.387
971,13,206.705
971,815,205.933
971,154,205.198
971,807,204.286
971,839,204.7
971,836,201.301
971,826,205.118
971,835,203.901
971,4,203.809
971,828,204.9
971,832,198.755
971,840,202.311
971,830,201.52
971,825,197.362
971,838,
970,1,205.745
970,20,205.648
970,830,202.886
970,817,202.741
970,8,204.406
970,822,204.734
970,832,201.478
970,825,201.209
970,815,203.288
970,839,202.23
970,154,201.162
970,807,200.21
970,835,199.871
970,13,203.33
970,828,196.763
970,4,197.23
970,826,196.059
970,838,193.412
970,841,
970,840,
969,20,220.351
969,1,219.351
969,822,220.465
969,8,220.605
969,830,219.525
969,13,216.83
969,815,216.115
969,832,217.74
969,826,220.165
969,839,215.776
969,807,215.749
969,841,214.378
969,838,213.448
969,4,211.938
969,825,218.011
969,840,213.569
969,817,213.431
969,828,207.391
969,835,207.069
969,154,211.689
968,1,190.174
968,3,189.95
968,20,192.756
968,830,190.084
968,817,190.624
968,8,190.127
968,807,188.717
968,815,189.972
968,13,189.206
968,4,191.343
968,154,190.477
968,821,188.754
968,839,188.29
968,836,188.368
968,828,188.242
968,831,188.117
968,835,189.134
968,832,187.58
968,826,183.853
968,18,183.851
968,822,185.413
968,825,184.108
967,1,181.137
967,3,179.912
967,830,181.846
967,815,178.113
967,20,179.968
967,832,177.99
967,807,178.862
967,817,181.363
967,831,177.189
967,4,178.09
967,822,180.246
967,839,176.686
967,826,177.333
967,825,179.284
967,836,176.439
967,18,178.338
967,821,176.668
967,13,178.782
967,835,164.441
967,8,174.596
967,828,169.97
967,154,
966,1,187.592
966,3,187.148
966,817,190.972
966,830,186.934
966,20,187.817
966,8,187.783
966,807,186.034
966,822,185.472
966,13,185.392
966,815,185.324
966,828,183.713
966,18,184.948
966,4,185.189
966,835,183.205
966,831,185.213
966,832,183.437
966,825,186.351
966,826,185.299
966,821,185.659
966,154,186.056
966,839,182.364
966,836,
965,1,193.842
965,3,194.773
965,817,193.523
965,20,198.712
965,4,191.752
965,832,193.002
965,13,191.915
965,815,190.972
965,18,189.979
965,154,190.221
965,826,193.674
965,825,189.504
965,835,189.515
965,828,188.765
965,831,190.62
965,822,189.058
965,836,188.208
965,839,191.599
965,8,194.88
965,830,193.77
965,821,188.364
965,807,
964,3,217.651
964,830,216.89
964,1,219.703
964,20,219.781
964,8,217.785
964,817,218.877
964,815,216.061
964,807,214.74
964,13,213.787
964,822,213.658
964,154,215.473
964,835,213.366
964,826,214.199
964,825,213.24
964,828,212.244
964,4,212.866
964,832,213.923
964,18,215.124
964,831,212.14
964,821,213.809
964,839,212.494
964,836,213.318
963,817,204.771
963,830,204.925
963,3,206.948
963,8,204.736
963,822,201.159
963,815,200.898
963,4,203.017
963,807,204.051
963,18,202.094
963,835,200.853
963,832,201.07
963,828,199.985
963,13,199.707
963,826,199.951
963,836,200.242
963,839,196.662
963,831,198.574
963,1,202.391
963,821,196.067
963,825,193.025
963,154,195.363
963,20,
962,3,165.318
962,817,170.113
962,1,169.221
962,8,168.515
962,20,169.863
962,830,167.207
962,4,163.902
962,815,163.508
962,826,164.353
962,825,164.48
962,821,164.159
962,13,163.599
962,831,163.265
962,832,164.965
962,835,163.128
962,836,162.773
962,828,164.325
962,839,163.17
962,18,163.341
962,822,163.727
962,807,
962,154,
961,3,240.82
961,1,241.646
961,20,241.626
961,8,242.452
961,817,242.726
961,822,240.517
961,830,241.361
961,815,239.93
961,13,241.375
961,807,239.837
961,154,239.086
961,18,241.503
961,821,239.418
961,4,244.373
961,832,240.398
961,828,235.509
961,825,238.019
961,839,235.556
961,826,236.886
961,836,235.055
961,835,228.268
961,831,
960,3,225.64
960,817,224.205
960,1,225.969
960,807,222.094
960,815,222.321
960,20,223.674
960,4,220.243
960,822,220.946
960,8,222.157
960,13,220.517
960,830,222.582
960,821,220.53
960,154,221.561
960,826,224.965
960,835,222.641
960,839,217.865
960,831,217.081
960,825,216.269
960,828,186.421
960,832,
960,18,
960,836,
959,1,209.107
959,817,209.918
959,830,208.673
959,3,208.114
959,20,209.203
959,8,206.937
959,807,205.686
959,18,206.395
959,822,204.699
959,815,206.848
959,821,206.131
959,4,205.49
959,154,205.188
959,832,205.94
959,826,206.903
959,825,201.673
959,836,204.019
959,828,202.758
959,835,202.97
959,837,201.19
959,831,202.24
959,13,202.101
958,1,188.095
958,3,188.497
958,817,186.407
958,20,186.904
958,830,186.234
958,8,189.822
958,4,185.639
958,832,185.323
958,822,184.954
958,807,184.696
958,815,185.502
958,835,183.94
958,821,183.486
958,154,183.48
958,825,182.901
958,826,186.273
958,831,184.084
958,13,184.904
958,836,182.28
958,828,184.517
958,837,179.649
958,18,181.817
957,1,221.44
957,830,219.979
957,3,221.957
957,817,220.882
957,8,218.648
957,815,216.625
957,807,217.25
957,832,217.734
957,20,218.786
957,826,217.141
957,13,220.588
957,18,216.609
957,4,221.676
957,822,217.775
957,831,214.847
957,821,217.039
957,825,217.248
957,835,212.596
957,837,209.189
957,154,183.604
957,828,176.309
957,836,125.634
956,1,227.647
956,830,223.7
956,8,226.11
956,3,227.381
956,817,226.459
956,18,222.476
956,154,222.718
956,832,222.042
956,822,221.814
956,836,219.782
956,821,223.456
956,835,221.757
956,831,221.168
956,825,221.058
956,828,220.264
956,837,221.398
956,815,222.099
956,4,219.284
956,807,221.502
956,13,222.801
956,20,217.992
956,826,198.891
955,3,202.946
955,20,201.917
955,815,201.988
955,8,201.629
955,1,202.306
955,822,200.836
955,817,200.59
955,830,202.021
955,807,200.077
955,13,200.543
955,18,200.802
955,831,200.642
955,154,200.205
955,825,197.752
955,835,200.875
955,821,200.912
955,828,198.449
955,837,194.053
955,4,198.08
955,836,195.447
955,832,198.621
955,826,190.963
954,1,206.625
954,20,205.769
954,822,204.055
954,830,205.71
954,3,207.669
954,8,204.105
954,817,205.207
954,807,204.944
954,832,205.014
954,815,205.065
954,4,203.081
954,826,204.044
954,821,201.981
954,154,203.149
954,828,201.019
954,825,200.7
954,836,200.551
954,831,201.579
954,837,199.593
954,13,202.774
954,835,196.542
954,18,197.588
953,1,154.135
953,817,153.437
953,815,153.139
953,20,154.005
953,4,151.739
953,807,151.62
953,3,152.523
953,832,152.997
953,18,150.786
953,13,151.656
953,821,151.814
953,822,151.637
953,154,149.755
953,836,149.469
953,837,150.413
953,828,147.687
953,831,146.701
953,830,138.779
953,825,133.774
953,826,122.715
953,8,112.116
953,835,101.399
952,830,188.682
952,8,189.274
952,20,190.488
952,817,189.98
952,822,188.12
952,832,186.899
952,815,186.612
952,13,187.789
952,18,185.663
952,826,192.735
952,821,185.912
952,828,186.791
952,835,186.658
952,825,188.894
952,831,186.396
952,836,183.786
952,837,187.445
952,154,188.347
952,4,186.718
952,807,182.529
952,1,
952,3,
951,3,212.452
951,1,209.969
951,8,210.315
951,822,208.115
951,13,211.07
951,4,209.799
951,825,206.74
951,154,206.347
951,815,206.608
951,18,206.968
951,817,208.074
951,832,205.986
951,835,205.073
951,828,206.298
951,826,205.706
951,831,205.889
951,821,205.637
951,836,206.588
951,830,206.341
951,20,
951,807,
951,837,
950,3,195.419
950,20,195.046
950,826,193.248
950,817,194.264
950,8,195.079
950,13,192.737
950,1,194.945
950,830,195.456
950,832,193.364
950,822,193.225
950,815,192.679
950,4,191.962
950,18,195.652
950,821,195.516
950,807,196.581
950,828,190.024
950,825,191.803
950,836,193.356
950,154,196.387
950,831,195.1
950,837,192.371
950,835,191.951
949,3,206.21
949,8,204.745
949,1,205.785
949,817,202.814
949,154,202.749
949,830,204.004
949,826,203.633
949,13,199.704
949,822,200.698
949,838,202.694
949,825,201.418
949,828,198.802
949,836,204.123
949,831,204.312
949,807,204.681
949,815,202.808
949,837,201.512
949,832,197.983
949,821,196.124
949,18,195.954
949,20,
949,835,
948,3,210.815
948,1,210.608
948,20,212.235
948,817,214.51
948,13,206.861
948,154,205.582
948,807,205.646
948,822,205.886
948,832,208.253
948,830,208.606
948,835,205.376
948,825,206.494
948,815,205.764
948,18,208.223
948,831,205.917
948,836,206.001
948,828,203.327
948,8,210.48
948,837,203.424
948,821,205.281
948,4,206.268
948,826,
945,3,189.779
945,1,191.302
945,8,190.528
945,20,191.242
945,815,188.818
945,817,188.085
945,807,186.751
945,13,186.891
945,154,188.877
945,826,187.069
945,832,186.867
945,18,185.978
945,822,187.804
945,828,187.71
945,831,187.874
945,830,189.079
945,4,190.793
945,829,182.414
945,833,179.784
945,813,
944,3,206.95
944,1,207.296
944,20,206.705
944,8,205.691
944,822,204.005
944,807,202.052
944,826,202.776
944,154,204.813
944,830,204.185
944,813,203.164
944,817,203.273
944,815,204.191
944,831,202
944,18,203.252
944,4,202.726
944,828,204.678
944,829,196.116
944,834,197.316
944,832,
944,13,204.803
943,3,192.426
943,1,191.945
943,822,189.917
943,826,190.001
943,817,189.824
943,13,188.935
943,807,188.059
943,815,187.227
943,830,187.576
943,154,186.92
943,813,186.762
943,828,187.32
943,832,188.56
943,18,186.666
943,834,182.276
943,829,181.136
943,831,185.895
943,20,189.309
943,8,184.338
943,4,
942,1,197.014
942,3,197.154
942,20,195.863
942,830,192.366
942,815,192.668
942,18,192.638
942,832,193.325
942,813,192.97
942,831,190.09
942,817,194.614
942,4,190.243
942,834,183.472
942,826,191.335
942,807,188.846
942,828,184.825
942,8,186.905
942,13,183.374
942,154,165.926
942,822,130.623
942,829,
941,1,209.328
941,20,210.378
941,815,206.862
941,13,208.689
941,8,209.91
941,831,207.678
941,813,207.402
941,18,204.261
941,830,203.871
941,4,205.115
941,822,208.167
941,833,200.409
941,829,200.644
941,817,206.626
941,832,205.879
941,154,199.996
941,3,204.132
941,807,
941,828,
941,826,
940,1,217.434
940,3,215.191
940,20,213.523
940,8,213.242
940,822,212.795
940,807,212.6
940,154,212.955
940,813,213.022
940,830,212.803
940,832,211.835
940,4,209.862
940,815,212.039
940,826,212.524
940,828,210.434
940,817,211.381
940,18,208.799
940,13,212.031
940,834,206.029
940,829,206.06
940,831,208.868
939,20,165.659
939,817,165.701
939,8,165.251
939,3,164.368
939,822,163.765
939,826,164.109
939,815,162.847
939,830,165.315
939,832,165.161
939,831,161.984
939,828,163.395
939,813,165.5
939,154,162.292
939,834,158.127
939,829,157.338
939,18,164.023
939,4,160.9
939,1,162.072
939,13,160.417
939,807,160.132
938,1,240.617
938,20,238.678
938,13,237.326
938,822,238.272
938,8,238.111
938,815,236.609
938,807,234.552
938,817,236.811
938,828,235.604
938,826,236.365
938,832,238.313
938,830,238.64
938,831,235.24
938,18,232.324
938,829,228.927
938,833,228.393
938,3,239.525
938,4,233.575
938,154,
938,813,
937,1,224.12
937,3,224.295
937,154,219.677
937,826,223.073
937,815,219.645
937,13,220.998
937,8,220.18
937,830,222.592
937,822,219.932
937,828,221.136
937,831,221.196
937,20,218.654
937,4,221.778
937,18,218.244
937,833,213.366
937,829,213.41
937,832,219.867
937,817,216.873
937,813,
937,807,
936,20,181.759
936,826,182.29
936,817,185.939
936,830,179.938
936,4,180.637
936,1,183.974
936,154,179.059
936,3,185.223
936,18,178.139
936,828,179.214
936,831,178.678
936,13,181.566
936,822,181.161
936,813,181.012
936,833,175.497
936,829,176.134
936,832,177.986
936,8,181.378
936,815,178.212
936,807,179.072
934,1,218.425
934,3,217.73
934,20,217.053
934,13,217.589
934,822,217.484
934,826,216.603
934,807,215.752
934,8,217.529
934,815,215.379
934,4,214.471
934,828,216.115
934,833,207.259
934,829,208.082
934,832,214.875
934,817,212.203
934,830,150.647
934,813,
934,18,
934,154,
934,831,
933,3,218.622
933,1,217.888
933,13,217.468
933,20,217.815
933,822,215.557
933,807,214.686
933,813,216.947
933,830,215.256
933,815,215.173
933,817,217.238
933,831,213.19
933,826,215.354
933,828,214.76
933,833,207.817
933,154,213.685
933,832,212.655
933,18,138.792
933,829,
933,8,
933,4,
932,1,202.648
932,3,202.218
932,822,201.478
932,8,203.925
932,20,203.613
932,13,202.437
932,813,200.288
932,807,200.664
932,826,201.153
932,154,201.356
932,815,199.008
932,832,199.205
932,817,198.578
932,828,199.006
932,830,199.699
932,831,198.507
932,829,194.525
932,833,194.292
932,18,199.092
932,4,197.28
931,3,152.841
931,20,152.347
931,1,152.692
931,826,151.815
931,817,153.891
931,8,150.822
931,815,150.811
931,18,151.128
931,831,150.133
931,832,150.511
931,807,150.313
931,154,149.263
931,828,151.519
931,822,152.173
931,13,150.609
931,833,147.013
931,829,145.274
931,830,152.31
931,4,149.308
931,813,146.019
930,3,188.061
930,1,189.849
930,20,184.687
930,822,184.74
930,8,186.342
930,13,185.429
930,817,183.903
930,154,182.261
930,832,183.838
930,826,182.376
930,830,182.358
930,831,182.294
930,815,182.286
930,828,181.713
930,807,184.38
930,18,183.826
930,829,178.933
930,833,177.877
930,813,180.364
930,4,179.446
929,1,199.098
929,8,202.294
929,3,200.184
929,822,198.615
929,20,201.639
929,817,196.903
929,154,196.48
929,815,198.124
929,826,197.348
929,13,196.613
929,4,196.815
929,831,198.37
929,807,197.492
929,828,197.955
929,813,199.49
929,829,191.464
929,833,190.949
929,830,195.6
929,832,193.571
929,18,
928,1,191.996
928,3,191.328
928,20,190.487
928,8,190.472
928,13,191.013
928,822,190.426
928,154,190.272
928,831,189.248
928,817,190.068
928,828,188.319
928,815,189.578
928,4,189.183
928,832,191.166
928,18,186.907
928,829,186.157
928,833,185.192
928,830,188.906
928,813,189.259
928,826,184.621
928,807,185.401
927,20,193.501
927,1,193.501
927,3,195.516
927,8,191.644
927,822,191.71
927,13,191.891
927,830,190.81
927,832,189.132
927,826,190.929
927,817,189.482
927,154,190.386
927,831,192.054
927,815,189.423
927,807,190.368
927,833,183.004
927,813,189.919
927,18,188.153
927,4,183.983
927,828,183.475
927,829,
926,1,209.915
926,3,209.577
926,20,208.74
926,13,208.144
926,831,206.137
926,817,205.726
926,807,207.576
926,828,208.505
926,832,205.56
926,815,207.601
926,18,204.534
926,8,208.811
926,830,202.458
926,154,
926,813,
926,826,
926,825,
926,822,
918,1,189.342
918,13,190.738
918,822,189.113
918,817,191.341
918,18,187.32
918,807,189.024
918,815,188.968
918,20,189.427
918,4,186.126
918,8,185.586
918,825,187.171
918,818,189.186
918,154,185.31
918,3,187.092
918,821,185.652
918,16,185.98
918,829,184.453
918,155,186.113
918,813,183.547
918,826,183.859
917,3,210.711
917,1,210.895
917,13,209.341
917,18,209.629
917,20,209.576
917,4,208.744
917,8,206.934
917,807,210.4
917,825,208.097
917,822,208.98
917,826,209.219
917,813,207.357
917,818,207.457
917,821,207.177
917,815,208.08
917,16,207.29
917,154,209.428
917,817,205.77
916,1,194.712
916,3,194.706
916,817,193.004
916,13,192.741
916,822,193.617
916,4,195.585
916,20,195.768
916,825,190.309
916,818,190.504
916,813,191.187
916,154,190.03
916,18,190.367
916,8,192.897
916,821,192.676
916,826,195.171
916,807,186.835
916,815,
916,16,
915,1,207.2
915,3,207.703
915,822,208.658
915,18,206.472
915,825,204.245
915,4,206.038
915,817,204.296
915,20,205.133
915,8,204.556
915,815,204.547
915,13,204.636
915,807,205.023
915,818,205.293
915,826,206.355
915,821,202.284
915,16,202.777
915,154,201.537
915,813,202.372
915,828,202.471
915,155,196.009
915,820,194.45
914,1,187.322
914,3,185.739
914,20,186.795
914,817,186.269
914,18,187.119
914,822,183.213
914,13,184.267
914,807,185.306
914,818,184.086
914,815,184.095
914,826,183.345
914,8,185.946
914,821,181.198
914,825,184.17
914,154,181.308
914,813,182.256
914,828,182.309
914,820,179.486
914,155,180.776
914,824,180.24
914,16,180.601
914,4,
913,1,165.137
913,20,162.052
913,817,161.98
913,4,162.636
913,13,160.959
913,818,162.895
913,815,162.793
913,8,161.545
913,807,161.703
913,825,163.33
913,822,162.058
913,813,161.059
913,154,160.591
913,826,163.151
913,828,157.985
913,824,160.598
913,820,160.218
913,18,160.359
913,16,160.02
913,821,157.619
913,3,156.154
913,155,
912,1,236.975
912,3,236.432
912,13,236.068
912,822,235.49
912,817,235.413
912,20,233.952
912,815,234.042
912,18,233.68
912,8,234.476
912,825,233.58
912,826,235.684
912,807,233.363
912,818,234.005
912,813,232.091
912,16,233.34
912,154,231.506
912,155,229.784
912,824,230.386
912,821,233.147
912,828,231.001
912,4,232.546
912,820,225.289
911,817,223.187
911,3,228.161
911,822,223.698
911,8,221.004
911,20,223.229
911,18,222.186
911,4,221.413
911,815,220.151
911,826,220.87
911,807,221.934
911,818,222.592
911,825,220.785
911,13,224.104
911,16,224.301
911,821,221.178
911,820,218.785
911,828,217.553
911,824,216.717
911,1,221.748
911,154,218.025
911,813,
911,827,
910,817,182.103
910,4,180.413
910,1,180.494
910,3,183.981
910,13,178.757
910,8,179.257
910,20,177.716
910,822,181.595
910,818,176.97
910,18,176.898
910,16,177.8
910,825,177.442
910,813,176.954
910,826,176.414
910,824,175.468
910,820,176.22
910,821,174.3
910,155,169.791
910,815,174.696
910,807,155.921
910,154,148.352
910,828,145.415
909,3,202.543
909,822,202.056
909,1,206.066
909,20,201.93
909,4,204.429
909,817,203.676
909,807,200.57
909,18,202.424
909,825,205.255
909,815,203.913
909,8,202.444
909,813,200.065
909,818,201.113
909,821,200.79
909,824,199.539
909,155,198.711
909,820,198.306
909,828,197.842
909,16,199.522
909,826,200.372
909,154,195.709
909,13,
908,1,218.239
908,822,215.822
908,817,215.395
908,18,215.778
908,20,217.556
908,4,215.115
908,825,214.919
908,807,215.032
908,826,215.509
908,818,213.654
908,815,214.834
908,154,214.393
908,16,211.989
908,824,212.158
908,155,209.02
908,820,211.233
908,813,211.412
908,3,216.203
908,828,203.295
908,821,206.77
908,13,
908,8,
907,3,214.518
907,1,215.65
907,822,214.568
907,13,214.553
907,4,214.527
907,815,215.874
907,825,214.081
907,817,213.161
907,807,212.882
907,8,213.676
907,18,213.752
907,813,212.791
907,16,211.284
907,154,210.587
907,824,209.108
907,155,206.892
907,820,208.072
907,828,208.56
907,821,210.351
907,818,212.414
907,20,209.734
907,826,209.514
906,817,199.638
906,3,199.028
906,20,198.299
906,18,199.337
906,807,198.89
906,4,199.704
906,822,197.924
906,818,197.73
906,825,199.185
906,8,199.921
906,815,197.501
906,13,199.984
906,16,195.692
906,821,195.97
906,154,197.107
906,826,196.298
906,1,198.875
906,155,188.856
906,813,192.6
906,828,141.385
906,820,
906,824,
905,3,151.388
905,1,151.51
905,817,151.718
905,4,150.814
905,807,148.872
905,18,148.358
905,13,149.712
905,154,148.482
905,824,147.98
905,825,149.075
905,828,148.607
905,8,153.212
905,155,145.878
905,820,149.22
905,821,148.177
905,822,148.252
905,818,148.292
905,16,147.062
905,826,146.614
905,20,100.615
905,815,
905,813,
904,1,187.275
904,3,187.794
904,817,186.175
904,20,188.465
904,822,185.326
904,4,186.411
904,8,185.007
904,154,184.016
904,815,184.648
904,807,183.325
904,18,185.042
904,825,185.544
904,13,185.236
904,826,185.645
904,813,183.679
904,821,184.832
904,16,183.201
904,824,182.58
904,820,182.614
904,828,179.517
904,155,180.069
904,818,182.586
903,1,193.916
903,3,195.45
903,4,192.235
903,817,193.387
903,20,192.07
903,807,191.218
903,822,191.151
903,8,191.824
903,815,191.959
903,826,189.899
903,18,189.829
903,818,190.712
903,825,191.075
903,813,190.396
903,13,191.676
903,821,191.904
903,824,187.203
903,155,189.924
903,820,190.751
903,828,189.38
903,154,188.026
903,16,165.773
902,1,200.634
902,3,200.816
902,815,196.165
902,817,196.266
902,807,197.228
902,20,196.181
902,13,196.26
902,822,195.296
902,4,195.355
902,8,195.933
902,826,194.52
902,154,195.923
902,820,191.34
902,813,195.484
902,155,192.434
902,824,190.684
902,18,195.683
902,825,194.621
902,821,193.481
902,828,192.647
902,818,191.669
902,16,191.403
901,1,193.611
901,3,191.946
901,20,191.341
901,4,191.569
901,807,188.284
901,18,188.183
901,13,190.232
901,822,189.189
901,825,189.372
901,826,187.026
901,154,187.855
901,8,189.812
901,155,185.19
901,828,185.626
901,820,184.341
901,817,190.635
901,821,185.14
901,16,184.698
901,818,183.869
901,824,179.01
901,813,179.888
901,815,
900,3,206.436
900,825,205.131
900,18,205.46
900,4,204.867
900,822,206.128
900,807,206.235
900,8,204.814
900,818,203.763
900,826,203.387
900,815,206.088
900,16,204.472
900,821,201.882
900,820,202.658
900,824,199.621
900,154,200.363
900,813,201.451
900,828,196.141
900,20,196.682
900,1,173.636
900,13,190.361
900,155,
900,817,
